{"cameraMode":{"drawMode":0,"name":"Shaded","section":"Shading Mode"},"sceneLighting":false,"audioPlay":false,"sceneViewState":{"m_AlwaysRefresh":false,"showFog":true,"showSkybox":false,"showFlares":true,"showImageEffects":true,"showParticleSystems":true,"showVisualEffectGraphs":true,"m_FxEnabled":true},"in2DMode":false,"pivot":{"x":0.08564326167106629,"y":1.9630939960479737,"z":2.9217257499694826},"rotation":{"x":-0.018608929589390756,"y":0.9586637616157532,"z":-0.27650827169418337,"w":-0.06451854109764099},"size":2.0124077796936037,"orthographic":false}